{"Epoch": 0, "Train accuracy": 0.5020666666666667, "Train loss": 1.3282824377695719, "Test accuracy": 0.7283, "Test loss": 0.7399191284578934, "_timestamp": 1685337772.5572946, "_runtime": 155.31584548950195, "_step": 0, "_wandb": {"runtime": 153}}